<?xml version='1.0' encoding='UTF-8'?>
<faces-config version="2.2"
              xmlns="http://xmlns.jcp.org/xml/ns/javaee"
              xmlns:xsi="http://www.w3.org/2001/XMLSchema-instance"
              xsi:schemaLocation="http://xmlns.jcp.org/xml/ns/javaee http://xmlns.jcp.org/xml/ns/javaee/web-facesconfig_2_2.xsd">
    
    <lifecycle>
        <phase-listener>
            com.wjs.control.LoginCheck
        </phase-listener>
    </lifecycle>
    <navigation-rule>
        <from-view-id>/admin/*</from-view-id>
        <navigation-case>
            <from-outcome>login</from-outcome>
            <to-view-id>/admin/login.xhtml</to-view-id>
        </navigation-case>
        <navigation-case>
            <from-outcome>index</from-outcome>
            <to-view-id>/index.xhtml</to-view-id>
        </navigation-case>          
    </navigation-rule>
        <navigation-rule>
        <from-view-id>*</from-view-id>
        <navigation-case>
            <from-outcome>party</from-outcome>
            <to-view-id>/party/party.xhtml</to-view-id>
        </navigation-case>
        <navigation-case>
            <from-outcome>partyNewsList</from-outcome>
            <to-view-id>/party/partyNewsList.xhtml</to-view-id>
        </navigation-case> 
         <navigation-case>
            <from-outcome>partyNewsDetail</from-outcome>
            <to-view-id>/party/partyNewsDetail.xhtml</to-view-id>
        </navigation-case>            
    </navigation-rule>
</faces-config>
